<?xml version="1.0" encoding="UTF-8"?>
<project-private xmlns="http://www.netbeans.org/ns/project-private/1">
    <editor-bookmarks xmlns="http://www.netbeans.org/ns/editor-bookmarks/2" lastBookmarkId="0"/>
    <open-files xmlns="http://www.netbeans.org/ns/projectui-open-files/2">
        <group>
            <file>file:/C:/Users/carlo/Documents/NetBeansProjects/ElRinconDelCafe/src/cr/ac/ucenfotec/soft2/app/Main.java</file>
            <file>file:/C:/Users/carlo/Documents/NetBeansProjects/ElRinconDelCafe/src/cr/ac/ucenfotec/soft2/usuarios/Usuario.java</file>
            <file>file:/C:/Users/carlo/Documents/NetBeansProjects/ElRinconDelCafe/src/cr/ac/ucenfotec/soft2/usuarios/GestorUsuarios.java</file>
            <file>file:/C:/Users/carlo/Documents/NetBeansProjects/ElRinconDelCafe/src/cr/ac/ucenfotec/soft2/ui/LoginFrame.java</file>
            <file>file:/C:/Users/carlo/Documents/NetBeansProjects/ElRinconDelCafe/src/cr/ac/ucenfotec/soft2/ui/MenuGerenteFrame.java</file>
            <file>file:/C:/Users/carlo/Documents/NetBeansProjects/ElRinconDelCafe/src/cr/ac/ucenfotec/soft2/ui/MenuBaristaFrame.java</file>
            <file>file:/C:/Users/carlo/Documents/NetBeansProjects/ElRinconDelCafe/src/cr/ac/ucenfotec/soft2/app/Utilities.java</file>
            <file>file:/C:/Users/carlo/Documents/NetBeansProjects/ElRinconDelCafe/src/cr/ac/ucenfotec/soft2/ui/AdministrarUsuariosFrame.java</file>
            <file>file:/C:/Users/carlo/Documents/NetBeansProjects/ElRinconDelCafe/src/cr/ac/ucenfotec/soft2/ui/AgregarNuevoUsuarioFrame.java</file>
        </group>
    </open-files>
</project-private>
